CHR,SNP,BP,A1,C_A,C_U,A2,CHISQ,P,OR,SE,L95,U95
6,rs9268839,32428772,A,1364,1768,G,116.4,3.953e-27,0.5805,0.05057,0.5257,0.641
6,rs9275376,32668633,T,804,496,G,85.24,2.648e-20,1.792,0.06364,1.582,2.03
6,rs9275375,32668632,A,1064,788,G,51.58,6.885e-13,1.49,0.05564,1.336,1.661
6,rs7752903,138227364,G,205,136,T,13.54,0.0002332,1.515,0.1136,1.213,1.892
6,rs4947332,31834197,T,72,34,C,13.21,0.0002789,2.107,0.2096,1.397,3.177
1,rs1414273,117102649,C,1303,1412,T,11.18,0.0008265,0.8441,0.05071,0.7642,0.9323
15,rs2620381,42491848,C,254,318,A,9.104,0.002551,0.7669,0.08816,0.6452,0.9115
14,rs75330474,101522589,T,121,159,C,6.089,0.0136,0.7384,0.1233,0.5798,0.9403
18,rs370878033,13611175,G,54,81,A,5.995,0.01435,0.6496,0.1775,0.4587,0.9199
7,rs3823658,102106201,A,432,363,G,5.572,0.01825,1.196,0.07607,1.031,1.389
1,rs74085143,54519800,A,130,166,G,5.254,0.0219,0.7603,0.1199,0.6011,0.9617
6,rs7740161,134423175,T,459,515,A,5.003,0.0253,0.8557,0.06972,0.7464,0.981
3,rs4687672,52880543,A,1082,983,G,4.759,0.02914,1.124,0.05357,1.012,1.248
22,rs5997893,31556103,A,1509,1565,G,4.23,0.03972,0.902,0.05015,0.8176,0.9952
19,rs2967897,13031210,T,541,473,C,4.14,0.04189,1.15,0.06862,1.005,1.315
15,rs76468441,86368922,T,104,76,C,4.007,0.0453,1.357,0.153,1.005,1.832
1,rs12402181,67094171,A,1157,1064,G,3.803,0.05115,1.108,0.05261,0.9995,1.228
19,rs4112253,54786022,C,78,102,G,3.725,0.0536,0.7457,0.1525,0.553,1.006
14,rs28477407,55344901,T,1290,1341,C,3.477,0.06223,0.9095,0.0509,0.8231,1.005
11,rs11237828,79133220,C,1139,1052,T,3.258,0.07109,1.1,0.05277,0.9918,1.22
11,rs7350542,10529822,G,640,574,A,3.159,0.07552,1.12,0.06387,0.9884,1.27
19,rs72996752,8454236,G,890,814,A,3.036,0.08143,1.104,0.05664,0.9877,1.233
3,rs6771809,128990998,C,431,378,T,3.015,0.08249,1.14,0.0754,0.9832,1.321
3,rs6787734,20179097,C,1110,1156,T,2.911,0.08799,0.9146,0.05235,0.8254,1.013
16,rs35613341,88535407,C,1426,1336,G,2.834,0.09228,1.089,0.05057,0.9861,1.202
10,rs45596840,106028154,A,536,577,G,2.769,0.09614,0.896,0.06603,0.7872,1.02
7,rs117344178,158325411,T,78,98,C,2.699,0.1004,0.7771,0.1539,0.5748,1.051
19,rs10406069,35836530,A,645,687,G,2.695,0.1007,0.9038,0.06164,0.8009,1.02
16,rs56292801,88535341,G,1427,1341,A,2.499,0.1139,1.083,0.05056,0.981,1.196
15,rs2060455,66011630,A,906,836,G,2.411,0.1205,1.091,0.05624,0.9773,1.218
17,rs58390814,40860141,T,138,112,C,2.375,0.1233,1.221,0.1297,0.9468,1.574
6,rs4285314,32717702,G,470,506,A,2.371,0.1236,0.8984,0.06961,0.7838,1.03
8,rs12549434,103137663,C,55,71,T,2.359,0.1246,0.7575,0.1814,0.5308,1.081
11,rs12803915,65211979,A,458,493,G,2.291,0.1301,0.899,0.07035,0.7832,1.032
12,rs3751304,133158632,C,617,654,T,2.243,0.1343,0.9104,0.06272,0.8051,1.029
5,rs77966622,118490402,A,90,70,G,2.229,0.1355,1.272,0.1614,0.9269,1.745
2,rs6717413,208031167,G,407,362,A,2.19,0.1389,1.121,0.07703,0.9637,1.303
3,rs75715827,189547735,C,61,77,T,2.184,0.1395,0.7746,0.1733,0.5516,1.088
3,rs78790512,124093220,A,53,68,G,2.164,0.1413,0.7624,0.185,0.5306,1.096
11,rs174561,61582708,C,1317,1238,T,2.149,0.1427,1.078,0.05113,0.9751,1.191
12,rs10878362,66417493,A,272,236,C,2.149,0.1427,1.145,0.09271,0.9552,1.374
2,rs74322818,238419590,T,73,90,C,2.127,0.1447,0.7928,0.1595,0.5799,1.084
1,rs1953090,206648147,G,592,538,T,2.123,0.1451,1.1,0.06566,0.9675,1.251
19,rs57111412,54191743,G,978,910,A,2.036,0.1537,1.081,0.05489,0.9711,1.204
4,rs28664200,102251501,C,1595,1512,T,2.017,0.1555,1.074,0.05013,0.9733,1.185
14,rs2273626,23426182,C,760,700,A,2.016,0.1557,1.088,0.05965,0.9683,1.223
19,rs1003723,11224181,T,471,503,C,1.964,0.1611,0.907,0.06966,0.7913,1.04
13,rs1572687,55748673,T,923,956,C,1.806,0.179,0.9288,0.05495,0.834,1.034
13,rs67976778,40238175,T,1386,1415,C,1.771,0.1833,0.935,0.05048,0.8469,1.032
3,rs2292181,44903434,C,111,129,G,1.738,0.1874,0.8405,0.132,0.649,1.089
6,rs67182313,44403438,A,801,743,G,1.725,0.1891,1.08,0.0585,0.9629,1.211
11,rs174583,61609750,T,1340,1268,C,1.616,0.2036,1.067,0.05096,0.9655,1.179
1,rs877722,234442257,T,641,591,A,1.575,0.2095,1.083,0.06348,0.9562,1.226
1,rs73108496,237634431,G,329,354,A,1.554,0.2125,0.9039,0.08104,0.7712,1.06
14,rs145135208,101512836,G,268,291,A,1.509,0.2194,0.8969,0.08863,0.7539,1.067
9,rs3780662,130631702,T,270,293,C,1.503,0.2203,0.8974,0.08835,0.7547,1.067
14,rs12894467,101507727,C,787,733,T,1.461,0.2268,1.074,0.05881,0.9568,1.205
6,rs17881225,31323065,C,915,858,G,1.377,0.2406,1.068,0.05593,0.957,1.192
11,rs515924,74110353,G,1097,1122,A,1.326,0.2495,0.9412,0.05259,0.849,1.043
10,rs641071,106028157,T,858,884,G,1.312,0.252,0.9376,0.05622,0.8398,1.047
5,rs367805,131701279,T,1337,1270,C,1.309,0.2525,1.06,0.05096,0.9593,1.171
1,rs2275874,12639018,T,1139,1163,C,1.287,0.2566,0.9425,0.05216,0.851,1.044
17,rs8078913,6558768,C,1056,1080,T,1.248,0.264,0.9424,0.05308,0.8493,1.046
16,rs58353328,76902842,G,333,301,A,1.242,0.2651,1.098,0.0838,0.9316,1.294
21,rs451887,44371114,T,414,436,C,1.158,0.282,0.9238,0.07371,0.7995,1.067
5,rs11745587,131796922,A,817,840,G,1.119,0.2902,0.9414,0.05712,0.8417,1.053
5,rs702742,154209024,G,278,297,A,1.089,0.2966,0.9128,0.08749,0.7689,1.083
19,rs8667,50436371,A,1467,1402,G,1.05,0.3056,1.053,0.05036,0.954,1.162
7,rs62442513,2297212,T,261,235,C,1.039,0.3081,1.1,0.09363,0.9157,1.322
12,rs11176006,66417482,A,319,290,G,1.032,0.3097,1.091,0.0853,0.9226,1.289
7,rs361399,142157358,A,598,557,G,1.03,0.3101,1.068,0.06507,0.9404,1.214
7,rs361398,142157371,A,598,557,G,1.03,0.3101,1.068,0.06507,0.9404,1.214
7,rs361397,142157389,A,598,557,G,1.03,0.3101,1.068,0.06507,0.9404,1.214
2,rs10175383,134884697,C,806,759,G,0.9643,0.3261,1.059,0.05822,0.9446,1.187
12,rs1683709,128778703,G,1559,1494,A,0.9629,0.3265,1.05,0.05015,0.9521,1.159
17,rs7208391,74094105,G,1500,1437,C,0.9175,0.3381,1.049,0.05026,0.9509,1.158
19,rs975947,58898193,T,1204,1148,C,0.8769,0.3491,1.05,0.05192,0.9482,1.162
10,rs7070684,12172775,A,1227,1171,G,0.8513,0.3562,1.049,0.05172,0.9478,1.161
7,rs11983381,100802786,G,284,300,A,0.8272,0.3631,0.9241,0.08686,0.7794,1.096
12,rs1290910,94965058,C,1571,1580,G,0.7997,0.3712,0.9562,0.05011,0.8667,1.055
16,rs16958290,82722537,C,1011,1027,G,0.7983,0.3716,0.9531,0.05372,0.8579,1.059
2,rs62182086,219206645,G,129,141,A,0.7895,0.3742,0.8953,0.1245,0.7015,1.143
12,rs61938575,104985443,A,700,717,G,0.7635,0.3822,0.9487,0.06025,0.843,1.068
12,rs2289030,95228286,C,690,707,G,0.7623,0.3826,0.9485,0.06056,0.8423,1.068
12,rs832733,47581629,T,650,667,C,0.7588,0.3837,0.9475,0.06188,0.8393,1.07
4,rs34115976,115577997,G,187,200,C,0.7291,0.3932,0.9143,0.105,0.7443,1.123
5,rs3734050,150901699,T,106,116,C,0.6588,0.417,0.895,0.1368,0.6845,1.17
19,rs1688017,35613623,A,766,726,G,0.6551,0.4183,1.049,0.05918,0.9342,1.178
12,rs2682818,81329536,A,874,831,C,0.6529,0.4191,1.047,0.05661,0.9369,1.17
20,rs744591,61870167,C,1562,1504,A,0.6446,0.4221,1.041,0.05014,0.9436,1.149
6,rs2276448,31323020,C,923,879,T,0.6388,0.4241,1.045,0.05564,0.9375,1.166
11,rs11032942,34963459,C,249,262,T,0.6389,0.4241,0.9289,0.09228,0.7752,1.113
2,rs2241347,207647981,C,730,744,T,0.6192,0.4313,0.9543,0.05942,0.8494,1.072
2,rs2292879,238419611,G,1016,1028,A,0.619,0.4314,0.9587,0.05368,0.8629,1.065
14,rs61992671,101531854,G,91,100,A,0.6086,0.4353,0.8916,0.1471,0.6683,1.19
2,rs58450758,47604866,T,559,573,C,0.5978,0.4394,0.9506,0.06555,0.836,1.081
3,rs78831152,175087408,T,333,309,C,0.5968,0.4398,1.066,0.08329,0.9058,1.256
16,rs2925980,81567554,G,1369,1316,A,0.589,0.4428,1.04,0.05074,0.9413,1.148
1,rs79639536,167967958,G,134,144,A,0.5742,0.4486,0.9112,0.1227,0.7164,1.159
10,rs7911488,105154089,G,1085,1039,A,0.5538,0.4567,1.04,0.05315,0.9374,1.155
1,rs619608,1231507,A,538,551,G,0.5471,0.4595,0.952,0.06656,0.8355,1.085
10,rs2368393,29833998,G,1049,1005,A,0.5083,0.4759,1.039,0.05361,0.9353,1.154
10,rs2368392,29834003,A,1049,1005,G,0.5083,0.4759,1.039,0.05361,0.9353,1.154
2,rs79402775,176032376,A,440,452,G,0.4986,0.4801,0.9503,0.07221,0.8249,1.095
5,rs266435,72174432,C,521,492,G,0.4893,0.4842,1.049,0.06854,0.9172,1.2
7,rs6464546,143079806,A,476,449,G,0.4644,0.4956,1.05,0.07115,0.9131,1.207
1,rs76756293,201688732,T,314,324,C,0.4134,0.5203,0.9477,0.08348,0.8047,1.116
1,rs17111728,55691384,C,316,326,T,0.4129,0.5205,0.9479,0.08325,0.8052,1.116
3,rs142342924,20179130,A,750,716,G,0.4126,0.5207,1.039,0.05954,0.9245,1.168
5,rs62376934,168690612,A,325,335,G,0.4109,0.5215,0.9487,0.08223,0.8074,1.115
14,rs58834075,101533093,T,81,72,C,0.3975,0.5284,1.109,0.1639,0.8041,1.529
8,rs66683138,27559214,A,1293,1247,G,0.3923,0.5311,1.033,0.05117,0.934,1.142
4,rs73239138,67142620,A,1259,1262,G,0.3894,0.5326,0.9685,0.05124,0.876,1.071
2,rs77373668,86420201,C,242,251,G,0.3817,0.5367,0.9437,0.09379,0.7852,1.134
5,rs936581,153975576,A,54,47,G,0.3798,0.5377,1.132,0.2011,0.7632,1.679
19,rs56061231,15290125,G,1474,1425,A,0.378,0.5387,1.031,0.05031,0.9346,1.138
3,rs9842591,151283691,A,1606,1555,C,0.3682,0.544,1.031,0.05011,0.9344,1.137
3,rs10934682,124451312,G,536,545,T,0.3673,0.5445,0.9603,0.06676,0.8426,1.095
14,rs2296319,65511429,A,419,428,G,0.3563,0.5506,0.9569,0.0738,0.828,1.106
10,rs12416605,29891260,T,105,95,C,0.3561,0.5507,1.09,0.1439,0.8219,1.445
9,rs67339585,94398581,C,182,190,T,0.355,0.5513,0.9383,0.1069,0.761,1.157
6,rs77651740,79249018,T,1157,1115,G,0.3541,0.5518,1.032,0.05231,0.9311,1.143
1,rs701213,233759918,C,1029,1032,T,0.3002,0.5838,0.9711,0.05356,0.8743,1.079
9,rs56195815,135821099,T,345,326,C,0.2953,0.5868,1.045,0.08165,0.8908,1.227
19,rs7247767,18392913,G,1289,1288,A,0.2827,0.5949,0.9732,0.05105,0.8806,1.076
2,rs56148568,141344200,C,670,642,T,0.2736,0.6009,1.033,0.06197,0.9148,1.166
8,rs56863230,129162366,C,221,207,G,0.2696,0.6036,1.053,0.1001,0.8656,1.282
19,rs75598818,54185492,A,334,341,G,0.268,0.6046,0.9587,0.08142,0.8173,1.125
8,rs78360334,131020636,C,278,262,T,0.2641,0.6073,1.047,0.09,0.878,1.249
7,rs60871950,102111936,A,761,731,G,0.2637,0.6076,1.031,0.05917,0.918,1.158
19,rs7247237,18392894,T,1289,1287,C,0.256,0.6129,0.9745,0.05105,0.8817,1.077
8,rs10505168,113655752,C,1481,1476,T,0.2537,0.6145,0.975,0.05024,0.8836,1.076
17,rs12451747,12820632,A,1520,1475,C,0.2426,0.6223,1.025,0.0502,0.929,1.131
1,rs45530340,20960230,T,458,464,C,0.2419,0.6228,0.9656,0.07122,0.8398,1.11
8,rs75404472,1749333,T,265,250,C,0.239,0.6249,1.046,0.09196,0.8735,1.253
11,rs2155248,93466866,G,192,198,T,0.2364,0.6268,0.9504,0.1045,0.7744,1.167
11,rs2986407,34963416,T,598,603,C,0.2363,0.6269,0.9693,0.06406,0.855,1.099
17,rs111756476,78072676,T,370,376,A,0.2304,0.6312,0.9633,0.07793,0.8268,1.122
8,rs404337,94041998,G,1484,1478,A,0.23,0.6316,0.9762,0.05023,0.8847,1.077
8,rs6997249,130496365,A,354,360,G,0.229,0.6323,0.9627,0.07943,0.8239,1.125
2,rs10192411,6790537,G,240,246,A,0.228,0.633,0.9559,0.0944,0.7945,1.15
1,rs75036690,12089225,A,101,106,G,0.2278,0.6332,0.9348,0.1414,0.7086,1.233
8,rs28655823,143257760,C,532,537,G,0.2221,0.6375,0.9689,0.06705,0.8496,1.105
2,rs6726779,52929680,C,856,858,T,0.2178,0.6407,0.974,0.0565,0.8719,1.088
10,rs72810954,90823139,A,61,65,G,0.2079,0.6484,0.9212,0.1801,0.6473,1.311
16,rs74469188,81644970,C,229,216,T,0.2058,0.6501,1.046,0.09834,0.8623,1.268
2,rs6430498,134884700,A,1141,1139,G,0.2048,0.6509,0.9766,0.05226,0.8815,1.082
8,rs487571,103137693,T,1448,1406,C,0.2015,0.6535,1.023,0.05038,0.9267,1.129
6,rs12197631,18572056,G,152,157,T,0.1974,0.6568,0.9495,0.1167,0.7554,1.193
11,rs12801172,64646034,C,1488,1480,G,0.1853,0.6668,0.9786,0.05022,0.8869,1.08
15,rs7162033,37265037,G,595,572,C,0.1804,0.671,1.028,0.06479,0.9053,1.167
15,rs7183051,37265039,A,595,572,G,0.1804,0.671,1.028,0.06479,0.9053,1.167
5,rs2042253,143059433,C,1346,1307,T,0.1763,0.6746,1.022,0.05082,0.9247,1.129
9,rs35196866,137271318,C,778,751,A,0.1698,0.6803,1.024,0.05867,0.9132,1.149
1,rs701214,233759939,T,342,346,C,0.1574,0.6916,0.9685,0.08073,0.8267,1.135
16,rs57629257,70064261,T,1335,1327,C,0.1366,0.7117,0.9814,0.0508,0.8884,1.084
22,rs4822739,26951185,G,723,723,C,0.1342,0.7141,0.9783,0.05982,0.8701,1.1
4,rs12512664,7461769,G,110,103,A,0.1311,0.7173,1.052,0.1395,0.8002,1.382
6,rs7769202,6169656,C,705,705,T,0.13,0.7185,0.9785,0.06036,0.8693,1.101
4,rs1077020,1988193,C,854,852,T,0.1241,0.7246,0.9803,0.05658,0.8774,1.095
17,rs6505162,28444183,A,582,583,C,0.1241,0.7246,0.9774,0.06482,0.8608,1.11
22,rs4078443,50356555,T,735,711,C,0.1235,0.7253,1.021,0.05982,0.9083,1.148
5,rs62376935,168690635,T,921,893,C,0.123,0.7258,1.02,0.05552,0.9145,1.137
9,rs58605477,126247833,G,406,408,A,0.1115,0.7385,0.9753,0.07506,0.8418,1.13
4,rs77639117,110409933,T,146,149,A,0.1075,0.743,0.9617,0.1192,0.7612,1.215
11,rs67042258,56511354,A,494,495,G,0.1053,0.7456,0.9778,0.06919,0.8538,1.12
17,rs745666,72744798,C,1126,1119,G,0.09935,0.7526,0.9836,0.05245,0.8875,1.09
20,rs6513497,58883605,G,338,340,T,0.09899,0.7531,0.9748,0.08125,0.8313,1.143
12,rs3817551,121882098,G,1357,1322,T,0.09748,0.7549,1.016,0.05075,0.9198,1.122
16,rs12708966,56938244,A,82,77,G,0.08608,0.7692,1.048,0.1607,0.765,1.436
17,rs73410309,77681036,C,241,243,G,0.08321,0.773,0.9731,0.09457,0.8084,1.171
10,rs12780876,14425204,A,571,570,T,0.08018,0.777,0.9817,0.06535,0.8637,1.116
19,rs10423365,47212593,G,942,936,A,0.07415,0.7854,0.9851,0.05495,0.8846,1.097
2,rs243080,60614572,G,1073,1065,A,0.07198,0.7885,0.9859,0.05306,0.8885,1.094
5,rs10061133,54466544,G,828,805,A,0.06916,0.7926,1.015,0.05739,0.9072,1.136
2,rs2292832,241395503,C,880,856,T,0.06837,0.7937,1.015,0.05628,0.9088,1.133
19,rs895819,13947292,C,835,830,T,0.06741,0.7951,0.9853,0.05703,0.8811,1.102
8,rs2114358,129021179,G,802,780,A,0.06215,0.8031,1.015,0.058,0.9055,1.137
5,rs12523324,1708983,G,1338,1325,A,0.05896,0.8081,0.9877,0.05079,0.8941,1.091
12,rs11614913,54385599,C,1485,1451,T,0.0526,0.8186,1.012,0.05026,0.9167,1.116
7,rs4909237,158325503,T,754,749,C,0.05207,0.8195,0.9866,0.05901,0.8789,1.108
5,rs3112399,71465361,A,415,402,T,0.05188,0.8198,1.017,0.07495,0.8783,1.178
10,rs11014002,24564653,T,672,654,C,0.0436,0.8346,1.013,0.06172,0.8976,1.143
16,rs7500280,76902847,T,1249,1220,C,0.04319,0.8354,1.011,0.05143,0.9138,1.118
2,rs71428439,241395500,G,545,542,A,0.04276,0.8362,0.9863,0.06661,0.8656,1.124
15,rs1439619,93447631,G,929,906,T,0.04252,0.8366,1.011,0.05533,0.9075,1.127
1,rs72646786,17604437,T,506,492,C,0.03653,0.8484,1.013,0.06894,0.8852,1.16
11,rs116971067,64646072,C,128,123,G,0.03425,0.8532,1.024,0.1288,0.7956,1.318
16,rs7499278,76902850,G,1245,1217,A,0.03376,0.8542,1.009,0.05145,0.9127,1.117
1,rs2070960,228284991,T,614,598,C,0.03348,0.8548,1.012,0.06384,0.8928,1.147
11,rs670637,126858392,G,62,59,A,0.03286,0.8562,1.034,0.1836,0.7214,1.482
11,rs634171,126858406,T,62,59,A,0.03286,0.8562,1.034,0.1836,0.7214,1.482
15,rs4414449,86368898,G,1115,1103,A,0.03189,0.8583,0.9907,0.05259,0.8936,1.098
15,rs4577031,86368959,A,1115,1103,T,0.03189,0.8583,0.9907,0.05259,0.8936,1.098
17,rs7210937,12820646,C,1391,1361,G,0.02858,0.8657,1.009,0.05058,0.9134,1.114
19,rs10412196,52725338,C,261,253,T,0.02812,0.8668,1.016,0.09201,0.848,1.216
22,rs60308683,46156446,A,142,137,G,0.02605,0.8718,1.02,0.1225,0.8023,1.297
17,rs7207008,41522213,A,924,903,T,0.0234,0.8784,1.009,0.0554,0.9047,1.124
17,rs620301,37453674,G,1507,1476,A,0.02068,0.8857,1.007,0.05021,0.9128,1.111
6,rs68035463,120336327,A,464,460,C,0.01855,0.8917,0.9904,0.07116,0.8614,1.139
6,rs67106263,120336384,A,464,460,G,0.01855,0.8917,0.9904,0.07116,0.8614,1.139
10,rs2043556,53059406,C,851,832,T,0.01815,0.8928,1.008,0.05683,0.9015,1.126
5,rs257095,9053945,C,115,115,T,0.01713,0.8959,0.9826,0.1343,0.7551,1.279
10,rs4919510,102734778,C,1377,1349,G,0.01543,0.9012,1.006,0.05064,0.9112,1.111
16,rs77250474,87887560,A,87,84,G,0.01446,0.9043,1.019,0.1551,0.7518,1.381
12,rs12314280,94955585,C,340,337,T,0.01237,0.9115,0.991,0.08131,0.845,1.162
16,rs897984,30886643,T,228,222,C,0.01144,0.9148,1.011,0.0978,0.8342,1.224
5,rs7709117,174178774,G,1561,1539,A,0.01141,0.9149,0.9947,0.05012,0.9016,1.097
20,rs6513496,58883534,C,387,378,T,0.009426,0.9227,1.008,0.07709,0.8662,1.172
15,rs2168518,75081078,A,498,487,G,0.008466,0.9267,1.006,0.06931,0.8786,1.153
3,rs1514422,96078864,A,885,867,G,0.007847,0.9294,1.005,0.05611,0.9003,1.122
3,rs35452137,48587408,C,151,147,A,0.007663,0.9302,1.01,0.1187,0.8007,1.275
10,rs7896283,12695177,G,1415,1388,A,0.00674,0.9346,1.004,0.05047,0.9096,1.109
1,rs521188,65523519,G,989,975,A,0.005125,0.9429,0.9961,0.05426,0.8956,1.108
19,rs10422347,804959,T,116,113,C,0.005089,0.9431,1.01,0.1346,0.7755,1.314
18,rs12456845,46576058,C,863,851,T,0.005072,0.9432,0.996,0.0565,0.8916,1.113
12,rs17022749,94955603,T,445,436,C,0.003109,0.9555,1.004,0.07259,0.8709,1.158
16,rs74656628,820215,A,129,126,T,0.00288,0.9572,1.007,0.1278,0.7837,1.294
20,rs3746444,33578251,G,459,450,A,0.002165,0.9629,1.003,0.07164,0.8719,1.155
11,rs550894,65211940,A,803,788,C,0.001938,0.9649,1.003,0.05789,0.895,1.123
2,rs56239160,60614577,A,1095,1078,G,0.001387,0.9703,0.998,0.05285,0.8998,1.107
19,rs3745198,40875800,G,1515,1491,C,0.001354,0.9706,0.9982,0.05018,0.9047,1.101
6,rs9295535,10439968,C,992,974,T,0.001329,0.9709,1.002,0.05424,0.9009,1.114
17,rs9913045,13446924,A,785,773,G,0.001222,0.9721,0.998,0.05829,0.8902,1.119
14,rs2296320,65511418,A,153,151,G,0.001144,0.973,0.996,0.1175,0.7911,1.254
17,rs66507245,15154966,A,1567,1542,T,0.001126,0.9732,0.9983,0.05012,0.9049,1.101
3,rs9877402,120768492,G,150,148,A,0.000969,0.9752,0.9963,0.1187,0.7896,1.257
12,rs75258105,94955607,T,338,333,G,0.0007808,0.9777,0.9977,0.08163,0.8502,1.171
9,rs13299349,18573360,A,348,342,G,3.874e-05,0.995,1.001,0.08063,0.8542,1.172
7,rs7804972,64139463,A,466,458,G,3.743e-05,0.9951,1,0.07116,0.8702,1.15
