CHR,SNP,BP,A1,F_A,F_U,OR,SE,P
6,rs9268839,32428772,A/G,42.4%(1364),56.0%(1768),0.58(0.53-0.64),0.05057,3.953e-27
6,rs9275376,32668633,T/G,25.0%(804),15.7%(496),1.79(1.58-2.03),0.06364,2.648e-20
6,rs9275375,32668632,A/G,33.1%(1064),24.9%(788),1.49(1.34-1.66),0.05564,6.885e-13
6,rs7752903,138227364,G/T,6.4%(205),4.3%(136),1.51(1.21-1.89),0.1136,0.0002332
6,rs4947332,31834197,T/C,2.2%(72),1.1%(34),2.11(1.4-3.18),0.2096,0.0002789
1,rs1414273,117102649,C/T,40.5%(1303),44.7%(1412),0.84(0.76-0.93),0.05071,0.0008265
15,rs2620381,42491848,C/A,7.9%(254),10.1%(318),0.77(0.65-0.91),0.08816,0.002551
14,rs75330474,101522589,T/C,3.8%(121),5.0%(159),0.74(0.58-0.94),0.1233,0.0136
18,rs370878033,13611175,G/A,1.7%(54),2.6%(81),0.65(0.46-0.92),0.1775,0.01435
7,rs3823658,102106201,A/G,13.4%(432),11.5%(363),1.2(1.03-1.39),0.07607,0.01825
1,rs74085143,54519800,A/G,4.0%(130),5.3%(166),0.76(0.6-0.96),0.1199,0.0219
6,rs7740161,134423175,T/A,14.3%(459),16.3%(515),0.86(0.75-0.98),0.06972,0.0253
3,rs4687672,52880543,A/G,33.7%(1082),31.1%(983),1.12(1.01-1.25),0.05357,0.02914
22,rs5997893,31556103,A/G,46.9%(1509),49.5%(1565),0.9(0.82-1),0.05015,0.03972
19,rs2967897,13031210,T/C,16.8%(541),15.0%(473),1.15(1-1.31),0.06862,0.04189
15,rs76468441,86368922,T/C,3.2%(104),2.4%(76),1.36(1-1.83),0.153,0.0453
1,rs12402181,67094171,A/G,36.0%(1157),33.7%(1064),1.11(1-1.23),0.05261,0.05115
19,rs4112253,54786022,C/G,2.4%(78),3.2%(102),0.75(0.55-1.01),0.1525,0.0536
14,rs28477407,55344901,T/C,40.1%(1290),42.4%(1341),0.91(0.82-1),0.0509,0.06223
11,rs11237828,79133220,C/T,35.4%(1139),33.3%(1052),1.1(0.99-1.22),0.05277,0.07109
11,rs7350542,10529822,G/A,19.9%(640),18.2%(574),1.12(0.99-1.27),0.06387,0.07552
19,rs72996752,8454236,G/A,27.7%(890),25.8%(814),1.1(0.99-1.23),0.05664,0.08143
3,rs6771809,128990998,C/T,13.4%(431),12.0%(378),1.14(0.98-1.32),0.0754,0.08249
3,rs6787734,20179097,C/T,34.5%(1110),36.6%(1156),0.91(0.83-1.01),0.05235,0.08799
16,rs35613341,88535407,C/G,44.4%(1426),42.3%(1336),1.09(0.99-1.2),0.05057,0.09228
10,rs45596840,106028154,A/G,16.7%(536),18.3%(577),0.9(0.79-1.02),0.06603,0.09614
7,rs117344178,158325411,T/C,2.4%(78),3.1%(98),0.78(0.57-1.05),0.1539,0.1004
19,rs10406069,35836530,A/G,20.1%(645),21.7%(687),0.9(0.8-1.02),0.06164,0.1007
16,rs56292801,88535341,G/A,44.4%(1427),42.4%(1341),1.08(0.98-1.2),0.05056,0.1139
15,rs2060455,66011630,A/G,28.2%(906),26.5%(836),1.09(0.98-1.22),0.05624,0.1205
17,rs58390814,40860141,T/C,4.3%(138),3.5%(112),1.22(0.95-1.57),0.1297,0.1233
6,rs4285314,32717702,G/A,14.6%(470),16.0%(506),0.9(0.78-1.03),0.06961,0.1236
8,rs12549434,103137663,C/T,1.7%(55),2.2%(71),0.76(0.53-1.08),0.1814,0.1246
11,rs12803915,65211979,A/G,14.2%(458),15.6%(493),0.9(0.78-1.03),0.07035,0.1301
12,rs3751304,133158632,C/T,19.2%(617),20.7%(654),0.91(0.81-1.03),0.06272,0.1343
5,rs77966622,118490402,A/G,2.8%(90),2.2%(70),1.27(0.93-1.75),0.1614,0.1355
2,rs6717413,208031167,G/A,12.7%(407),11.5%(362),1.12(0.96-1.3),0.07703,0.1389
3,rs75715827,189547735,C/T,1.9%(61),2.4%(77),0.77(0.55-1.09),0.1733,0.1395
3,rs78790512,124093220,A/G,1.6%(53),2.2%(68),0.76(0.53-1.1),0.185,0.1413
11,rs174561,61582708,C/T,41.0%(1317),39.2%(1238),1.08(0.98-1.19),0.05113,0.1427
12,rs10878362,66417493,A/C,8.5%(272),7.5%(236),1.15(0.96-1.37),0.09271,0.1427
2,rs74322818,238419590,T/C,2.3%(73),2.8%(90),0.79(0.58-1.08),0.1595,0.1447
1,rs1953090,206648147,G/T,18.4%(592),17.0%(538),1.1(0.97-1.25),0.06566,0.1451
19,rs57111412,54191743,G/A,30.4%(978),28.8%(910),1.08(0.97-1.2),0.05489,0.1537
4,rs28664200,102251501,C/T,49.6%(1595),47.9%(1512),1.07(0.97-1.19),0.05013,0.1555
14,rs2273626,23426182,C/A,23.6%(760),22.1%(700),1.09(0.97-1.22),0.05965,0.1557
19,rs1003723,11224181,T/C,14.6%(471),15.9%(503),0.91(0.79-1.04),0.06966,0.1611
13,rs1572687,55748673,T/C,28.7%(923),30.2%(956),0.93(0.83-1.03),0.05495,0.179
13,rs67976778,40238175,T/C,43.1%(1386),44.8%(1415),0.94(0.85-1.03),0.05048,0.1833
3,rs2292181,44903434,C/G,3.5%(111),4.1%(129),0.84(0.65-1.09),0.132,0.1874
6,rs67182313,44403438,A/G,24.9%(801),23.5%(743),1.08(0.96-1.21),0.0585,0.1891
11,rs174583,61609750,T/C,41.7%(1340),40.1%(1268),1.07(0.97-1.18),0.05096,0.2036
1,rs877722,234442257,T/A,19.9%(641),18.7%(591),1.08(0.96-1.23),0.06348,0.2095
1,rs73108496,237634431,G/A,10.2%(329),11.2%(354),0.9(0.77-1.06),0.08104,0.2125
14,rs145135208,101512836,G/A,8.3%(268),9.2%(291),0.9(0.75-1.07),0.08863,0.2194
9,rs3780662,130631702,T/C,8.4%(270),9.3%(293),0.9(0.75-1.07),0.08835,0.2203
14,rs12894467,101507727,C/T,24.5%(787),23.2%(733),1.07(0.96-1.21),0.05881,0.2268
6,rs17881225,31323065,C/G,28.5%(915),27.2%(858),1.07(0.96-1.19),0.05593,0.2406
11,rs515924,74110353,G/A,34.1%(1097),35.5%(1122),0.94(0.85-1.04),0.05259,0.2495
10,rs641071,106028157,T/G,26.7%(858),28.0%(884),0.94(0.84-1.05),0.05622,0.252
5,rs367805,131701279,T/C,41.6%(1337),40.2%(1270),1.06(0.96-1.17),0.05096,0.2525
1,rs2275874,12639018,T/C,35.4%(1139),36.8%(1163),0.94(0.85-1.04),0.05216,0.2566
17,rs8078913,6558768,C/T,32.9%(1056),34.2%(1080),0.94(0.85-1.05),0.05308,0.264
16,rs58353328,76902842,G/A,10.4%(333),9.5%(301),1.1(0.93-1.29),0.0838,0.2651
21,rs451887,44371114,T/C,12.9%(414),13.8%(436),0.92(0.8-1.07),0.07371,0.282
5,rs11745587,131796922,A/G,25.4%(817),26.6%(840),0.94(0.84-1.05),0.05712,0.2902
5,rs702742,154209024,G/A,8.6%(278),9.4%(297),0.91(0.77-1.08),0.08749,0.2966
19,rs8667,50436371,A/G,45.6%(1467),44.4%(1402),1.05(0.95-1.16),0.05036,0.3056
7,rs62442513,2297212,T/C,8.1%(261),7.4%(235),1.1(0.92-1.32),0.09363,0.3081
12,rs11176006,66417482,A/G,9.9%(319),9.2%(290),1.09(0.92-1.29),0.0853,0.3097
7,rs361399,142157358,A/G,18.6%(598),17.6%(557),1.07(0.94-1.21),0.06507,0.3101
7,rs361398,142157371,A/G,18.6%(598),17.6%(557),1.07(0.94-1.21),0.06507,0.3101
7,rs361397,142157389,A/G,18.6%(598),17.6%(557),1.07(0.94-1.21),0.06507,0.3101
2,rs10175383,134884697,C/G,25.1%(806),24.0%(759),1.06(0.94-1.19),0.05822,0.3261
12,rs1683709,128778703,G/A,48.5%(1559),47.3%(1494),1.05(0.95-1.16),0.05015,0.3265
17,rs7208391,74094105,G/C,46.7%(1500),45.5%(1437),1.05(0.95-1.16),0.05026,0.3381
19,rs975947,58898193,T/C,37.5%(1204),36.3%(1148),1.05(0.95-1.16),0.05192,0.3491
10,rs7070684,12172775,A/G,38.2%(1227),37.1%(1171),1.05(0.95-1.16),0.05172,0.3562
7,rs11983381,100802786,G/A,8.8%(284),9.5%(300),0.92(0.78-1.1),0.08686,0.3631
12,rs1290910,94965058,C/G,48.9%(1571),50.0%(1580),0.96(0.87-1.05),0.05011,0.3712
16,rs16958290,82722537,C/G,31.5%(1011),32.5%(1027),0.95(0.86-1.06),0.05372,0.3716
2,rs62182086,219206645,G/A,4.0%(129),4.5%(141),0.9(0.7-1.14),0.1245,0.3742
12,rs61938575,104985443,A/G,21.8%(700),22.7%(717),0.95(0.84-1.07),0.06025,0.3822
12,rs2289030,95228286,C/G,21.5%(690),22.4%(707),0.95(0.84-1.07),0.06056,0.3826
12,rs832733,47581629,T/C,20.2%(650),21.1%(667),0.95(0.84-1.07),0.06188,0.3837
4,rs34115976,115577997,G/C,5.8%(187),6.3%(200),0.91(0.74-1.12),0.105,0.3932
5,rs3734050,150901699,T/C,3.3%(106),3.7%(116),0.9(0.68-1.17),0.1368,0.417
19,rs1688017,35613623,A/G,23.8%(766),23.0%(726),1.05(0.93-1.18),0.05918,0.4183
12,rs2682818,81329536,A/C,27.2%(874),26.3%(831),1.05(0.94-1.17),0.05661,0.4191
20,rs744591,61870167,C/A,48.6%(1562),47.6%(1504),1.04(0.94-1.15),0.05014,0.4221
6,rs2276448,31323020,C/T,28.7%(923),27.8%(879),1.04(0.94-1.17),0.05564,0.4241
11,rs11032942,34963459,C/T,7.7%(249),8.3%(262),0.93(0.78-1.11),0.09228,0.4241
2,rs2241347,207647981,C/T,22.7%(730),23.5%(744),0.95(0.85-1.07),0.05942,0.4313
2,rs2292879,238419611,G/A,31.6%(1016),32.5%(1028),0.96(0.86-1.06),0.05368,0.4314
14,rs61992671,101531854,G/A,2.8%(91),3.2%(100),0.89(0.67-1.19),0.1471,0.4353
2,rs58450758,47604866,T/C,17.4%(559),18.1%(573),0.95(0.84-1.08),0.06555,0.4394
3,rs78831152,175087408,T/C,10.4%(333),9.8%(309),1.07(0.91-1.26),0.08329,0.4398
16,rs2925980,81567554,G/A,42.6%(1369),41.6%(1316),1.04(0.94-1.15),0.05074,0.4428
1,rs79639536,167967958,G/A,4.2%(134),4.6%(144),0.91(0.72-1.16),0.1227,0.4486
10,rs7911488,105154089,G/A,33.8%(1085),32.9%(1039),1.04(0.94-1.16),0.05315,0.4567
1,rs619608,1231507,A/G,16.7%(538),17.4%(551),0.95(0.84-1.08),0.06656,0.4595
10,rs2368393,29833998,G/A,32.6%(1049),31.8%(1005),1.04(0.94-1.15),0.05361,0.4759
10,rs2368392,29834003,A/G,32.6%(1049),31.8%(1005),1.04(0.94-1.15),0.05361,0.4759
2,rs79402775,176032376,A/G,13.7%(440),14.3%(452),0.95(0.82-1.09),0.07221,0.4801
5,rs266435,72174432,C/G,16.2%(521),15.6%(492),1.05(0.92-1.2),0.06854,0.4842
7,rs6464546,143079806,A/G,14.8%(476),14.2%(449),1.05(0.91-1.21),0.07115,0.4956
1,rs76756293,201688732,T/C,9.8%(314),10.2%(324),0.95(0.8-1.12),0.08348,0.5203
1,rs17111728,55691384,C/T,9.8%(316),10.3%(326),0.95(0.81-1.12),0.08325,0.5205
3,rs142342924,20179130,A/G,23.3%(750),22.7%(716),1.04(0.92-1.17),0.05954,0.5207
5,rs62376934,168690612,A/G,10.1%(325),10.6%(335),0.95(0.81-1.12),0.08223,0.5215
14,rs58834075,101533093,T/C,2.5%(81),2.3%(72),1.11(0.8-1.53),0.1639,0.5284
8,rs66683138,27559214,A/G,40.2%(1293),39.5%(1247),1.03(0.93-1.14),0.05117,0.5311
4,rs73239138,67142620,A/G,39.2%(1259),39.9%(1262),0.97(0.88-1.07),0.05124,0.5326
2,rs77373668,86420201,C/G,7.5%(242),7.9%(251),0.94(0.79-1.13),0.09379,0.5367
5,rs936581,153975576,A/G,1.7%(54),1.5%(47),1.13(0.76-1.68),0.2011,0.5377
19,rs56061231,15290125,G/A,45.9%(1474),45.1%(1425),1.03(0.93-1.14),0.05031,0.5387
3,rs9842591,151283691,A/C,50.0%(1606),49.2%(1555),1.03(0.93-1.14),0.05011,0.544
3,rs10934682,124451312,G/T,16.7%(536),17.2%(545),0.96(0.84-1.09),0.06676,0.5445
14,rs2296319,65511429,A/G,13.0%(419),13.5%(428),0.96(0.83-1.11),0.0738,0.5506
10,rs12416605,29891260,T/C,3.3%(105),3.0%(95),1.09(0.82-1.45),0.1439,0.5507
9,rs67339585,94398581,C/T,5.7%(1157),6.0%(1115),0.94(0.76-1.16),0.1069,0.5513
6,rs77651740,79249018,T/G,36.0%(1029),35.3%(1032),1.03(0.93-1.14),0.05231,0.5518
1,rs701213,233759918,C/T,32.0%(345),32.7%(326),0.97(0.87-1.08),0.05356,0.5838
9,rs56195815,135821099,T/C,10.7%(1289),10.3%(1288),1.04(0.89-1.23),0.08165,0.5868
19,rs7247767,18392913,G/A,40.1%(670),40.8%(642),0.97(0.88-1.08),0.05105,0.5949
2,rs56148568,141344200,C/T,20.8%(221),20.3%(207),1.03(0.91-1.17),0.06197,0.6009
8,rs56863230,129162366,C/G,6.9%(334),6.6%(341),1.05(0.87-1.28),0.1001,0.6036
19,rs75598818,54185492,A/G,10.4%(278),10.8%(262),0.96(0.82-1.12),0.08142,0.6046
8,rs78360334,131020636,C/T,8.6%(761),8.3%(731),1.05(0.88-1.25),0.09,0.6073
7,rs60871950,102111936,A/G,23.7%(1289),23.1%(1287),1.03(0.92-1.16),0.05917,0.6076
19,rs7247237,18392894,T/C,40.1%(1481),40.7%(1476),0.97(0.88-1.08),0.05105,0.6129
8,rs10505168,113655752,C/T,46.1%(1520),46.7%(1475),0.98(0.88-1.08),0.05024,0.6145
17,rs12451747,12820632,A/C,47.3%(458),46.7%(464),1.02(0.93-1.13),0.0502,0.6223
1,rs45530340,20960230,T/C,14.2%(265),14.7%(250),0.97(0.84-1.11),0.07122,0.6228
8,rs75404472,1749333,T/C,8.2%(192),7.9%(198),1.05(0.87-1.25),0.09196,0.6249
11,rs2155248,93466866,G/T,6.0%(598),6.3%(603),0.95(0.77-1.17),0.1045,0.6268
11,rs2986407,34963416,T/C,18.6%(370),19.1%(376),0.97(0.86-1.1),0.06406,0.6269
17,rs111756476,78072676,T/A,11.5%(1484),11.9%(1478),0.96(0.83-1.12),0.07793,0.6312
8,rs404337,94041998,G/A,46.2%(354),46.8%(360),0.98(0.88-1.08),0.05023,0.6316
8,rs6997249,130496365,A/G,11.0%(240),11.4%(246),0.96(0.82-1.12),0.07943,0.6323
2,rs10192411,6790537,G/A,7.5%(101),7.8%(106),0.96(0.79-1.15),0.0944,0.633
1,rs75036690,12089225,A/G,3.1%(532),3.4%(537),0.93(0.71-1.23),0.1414,0.6332
8,rs28655823,143257760,C/G,16.6%(856),17.0%(858),0.97(0.85-1.1),0.06705,0.6375
2,rs6726779,52929680,C/T,26.6%(61),27.2%(65),0.97(0.87-1.09),0.0565,0.6407
10,rs72810954,90823139,A/G,1.9%(229),2.1%(216),0.92(0.65-1.31),0.1801,0.6484
16,rs74469188,81644970,C/T,7.1%(1141),6.8%(1139),1.05(0.86-1.27),0.09834,0.6501
2,rs6430498,134884700,A/G,35.5%(1448),36.0%(1406),0.98(0.88-1.08),0.05226,0.6509
8,rs487571,103137693,T/C,45.1%(152),44.5%(157),1.02(0.93-1.13),0.05038,0.6535
6,rs12197631,18572056,G/T,4.7%(1488),5.0%(1480),0.95(0.76-1.19),0.1167,0.6568
11,rs12801172,64646034,C/G,46.3%(595),46.8%(572),0.98(0.89-1.08),0.05022,0.6668
15,rs7162033,37265037,G/C,18.5%(595),18.1%(572),1.03(0.91-1.17),0.06479,0.671
15,rs7183051,37265039,A/G,18.5%(1346),18.1%(1307),1.03(0.91-1.17),0.06479,0.671
5,rs2042253,143059433,C/T,41.9%(778),41.4%(751),1.02(0.92-1.13),0.05082,0.6746
9,rs35196866,137271318,C/A,24.2%(342),23.8%(346),1.02(0.91-1.15),0.05867,0.6803
1,rs701214,233759939,T/C,10.6%(1335),10.9%(1327),0.97(0.83-1.14),0.08073,0.6916
16,rs57629257,70064261,T/C,41.5%(723),42.0%(723),0.98(0.89-1.08),0.0508,0.7117
22,rs4822739,26951185,G/C,22.5%(110),22.9%(103),0.98(0.87-1.1),0.05982,0.7141
4,rs12512664,7461769,G/A,3.4%(705),3.3%(705),1.05(0.8-1.38),0.1395,0.7173
6,rs7769202,6169656,C/T,21.9%(854),22.3%(852),0.98(0.87-1.1),0.06036,0.7185
4,rs1077020,1988193,C/T,26.6%(582),27.0%(583),0.98(0.88-1.09),0.05658,0.7246
17,rs6505162,28444183,A/C,18.1%(735),18.4%(711),0.98(0.86-1.11),0.06482,0.7246
22,rs4078443,50356555,T/C,22.9%(921),22.5%(893),1.02(0.91-1.15),0.05982,0.7253
5,rs62376935,168690635,T/C,28.7%(406),28.3%(408),1.02(0.91-1.14),0.05552,0.7258
9,rs58605477,126247833,G/A,12.6%(146),12.9%(149),0.98(0.84-1.13),0.07506,0.7385
4,rs77639117,110409933,T/A,4.5%(494),4.7%(495),0.96(0.76-1.22),0.1192,0.743
11,rs67042258,56511354,A/G,15.4%(1126),15.7%(1119),0.98(0.85-1.12),0.06919,0.7456
17,rs745666,72744798,C/G,35.0%(338),35.4%(340),0.98(0.89-1.09),0.05245,0.7526
20,rs6513497,58883605,G/T,10.5%(1357),10.8%(1322),0.97(0.83-1.14),0.08125,0.7531
12,rs3817551,121882098,G/T,42.2%(82),41.8%(77),1.02(0.92-1.12),0.05075,0.7549
16,rs12708966,56938244,A/G,2.6%(241),2.4%(243),1.05(0.76-1.44),0.1607,0.7692
17,rs73410309,77681036,C/G,7.5%(571),7.7%(570),0.97(0.81-1.17),0.09457,0.773
10,rs12780876,14425204,A/T,17.8%(942),18.0%(936),0.98(0.86-1.12),0.06535,0.777
19,rs10423365,47212593,G/A,29.3%(1073),29.6%(1065),0.99(0.88-1.1),0.05495,0.7854
2,rs243080,60614572,G/A,33.4%(828),33.7%(805),0.99(0.89-1.09),0.05306,0.7885
5,rs10061133,54466544,G/A,25.8%(880),25.5%(856),1.01(0.91-1.14),0.05739,0.7926
2,rs2292832,241395503,C/T,27.4%(835),27.1%(830),1.01(0.91-1.13),0.05628,0.7937
19,rs895819,13947292,C/T,26.0%(802),26.3%(780),0.99(0.88-1.1),0.05703,0.7951
8,rs2114358,129021179,G/A,24.9%(1338),24.7%(1325),1.01(0.91-1.14),0.058,0.8031
5,rs12523324,1708983,G/A,41.6%(1485),41.9%(1451),0.99(0.89-1.09),0.05079,0.8081
12,rs11614913,54385599,C/T,46.2%(754),45.9%(749),1.01(0.92-1.12),0.05026,0.8186
7,rs4909237,158325503,T/C,23.5%(415),23.7%(402),0.99(0.88-1.11),0.05901,0.8195
5,rs3112399,71465361,A/T,12.9%(672),12.7%(654),1.02(0.88-1.18),0.07495,0.8198
10,rs11014002,24564653,T/C,20.9%(1249),20.7%(1220),1.01(0.9-1.14),0.06172,0.8346
16,rs7500280,76902847,T/C,38.9%(545),38.6%(542),1.01(0.91-1.12),0.05143,0.8354
2,rs71428439,241395500,G/A,17.0%(929),17.2%(906),0.99(0.87-1.12),0.06661,0.8362
15,rs1439619,93447631,G/T,28.9%(506),28.7%(492),1.01(0.91-1.13),0.05533,0.8366
1,rs72646786,17604437,T/C,15.7%(128),15.6%(123),1.01(0.89-1.16),0.06894,0.8484
11,rs116971067,64646072,C/G,4.0%(1245),3.9%(1217),1.02(0.8-1.32),0.1288,0.8532
16,rs7499278,76902850,G/A,38.7%(614),38.5%(598),1.01(0.91-1.12),0.05145,0.8542
1,rs2070960,228284991,T/C,19.1%(62),18.9%(59),1.01(0.89-1.15),0.06384,0.8548
11,rs670637,126858392,G/A,1.9%(62),1.9%(59),1.03(0.72-1.48),0.1836,0.8562
11,rs634171,126858406,T/A,1.9%(1115),1.9%(1103),1.03(0.72-1.48),0.1836,0.8562
15,rs4414449,86368898,G/A,34.7%(1115),34.9%(1103),0.99(0.89-1.1),0.05259,0.8583
15,rs4577031,86368959,A/T,34.7%(1391),34.9%(1361),0.99(0.89-1.1),0.05259,0.8583
17,rs7210937,12820646,C/G,43.3%(261),43.1%(253),1.01(0.91-1.11),0.05058,0.8657
19,rs10412196,52725338,C/T,8.1%(142),8.0%(137),1.02(0.85-1.22),0.09201,0.8668
22,rs60308683,46156446,A/G,4.4%(924),4.3%(903),1.02(0.8-1.3),0.1225,0.8718
17,rs7207008,41522213,A/T,28.7%(1507),28.6%(1476),1.01(0.9-1.12),0.0554,0.8784
17,rs620301,37453674,G/A,46.9%(464),46.7%(460),1.01(0.91-1.11),0.05021,0.8857
6,rs68035463,120336327,A/C,14.4%(464),14.6%(460),0.99(0.86-1.14),0.07116,0.8917
6,rs67106263,120336384,A/G,14.4%(851),14.6%(832),0.99(0.86-1.14),0.07116,0.8917
10,rs2043556,53059406,C/T,26.5%(115),26.3%(115),1.01(0.9-1.13),0.05683,0.8928
5,rs257095,9053945,C/T,3.6%(1377),3.6%(1349),0.98(0.76-1.28),0.1343,0.8959
10,rs4919510,102734778,C/G,42.8%(87),42.7%(84),1.01(0.91-1.11),0.05064,0.9012
16,rs77250474,87887560,A/G,2.7%(340),2.7%(337),1.02(0.75-1.38),0.1551,0.9043
12,rs12314280,94955585,C/T,10.6%(228),10.7%(222),0.99(0.84-1.16),0.08131,0.9115
16,rs897984,30886643,T/C,7.1%(1561),7.0%(1539),1.01(0.83-1.22),0.0978,0.9148
5,rs7709117,174178774,G/A,48.6%(387),48.7%(378),0.99(0.9-1.1),0.05012,0.9149
20,rs6513496,58883534,C/T,12.0%(498),12.0%(487),1.01(0.87-1.17),0.07709,0.9227
15,rs2168518,75081078,A/G,15.5%(885),15.4%(867),1.01(0.88-1.15),0.06931,0.9267
3,rs1514422,96078864,A/G,27.5%(151),27.4%(147),1(0.9-1.12),0.05611,0.9294
3,rs35452137,48587408,C/A,4.7%(1415),4.7%(1388),1.01(0.8-1.27),0.1187,0.9302
10,rs7896283,12695177,G/A,44.0%(989),43.9%(975),1(0.91-1.11),0.05047,0.9346
1,rs521188,65523519,G/A,30.8%(116),30.9%(113),1(0.9-1.11),0.05426,0.9429
19,rs10422347,804959,T/C,3.6%(863),3.6%(851),1.01(0.78-1.31),0.1346,0.9431
18,rs12456845,46576058,C/T,26.9%(445),26.9%(436),1(0.89-1.11),0.0565,0.9432
12,rs17022749,94955603,T/C,13.9%(129),13.8%(126),1(0.87-1.16),0.07259,0.9555
16,rs74656628,820215,A/T,4.0%(459),4.0%(450),1.01(0.78-1.29),0.1278,0.9572
20,rs3746444,33578251,G/A,14.3%(803),14.2%(788),1(0.87-1.16),0.07164,0.9629
11,rs550894,65211940,A/C,25.0%(1095),24.9%(1078),1(0.9-1.12),0.05789,0.9649
2,rs56239160,60614577,A/G,34.1%(1515),34.1%(1491),1(0.9-1.11),0.05285,0.9703
19,rs3745198,40875800,G/C,47.1%(992),47.2%(974),1(0.9-1.1),0.05018,0.9706
6,rs9295535,10439968,C/T,30.9%(785),30.8%(773),1(0.9-1.11),0.05424,0.9709
17,rs9913045,13446924,A/G,24.4%(153),24.5%(151),1(0.89-1.12),0.05829,0.9721
14,rs2296320,65511418,A/G,4.8%(1567),4.8%(1542),1(0.79-1.25),0.1175,0.973
17,rs66507245,15154966,A/T,48.8%(150),48.8%(148),1(0.9-1.1),0.05012,0.9732
3,rs9877402,120768492,G/A,4.7%(338),4.7%(333),1(0.79-1.26),0.1187,0.9752
12,rs75258105,94955607,T/G,10.5%(348),10.5%(342),1(0.85-1.17),0.08163,0.9777
9,rs13299349,18573360,A/G,10.8%(466),10.8%(458),1(0.85-1.17),0.08063,0.995
7,rs7804972,64139463,A/G,14.5%(1364),14.5%(1768),1(0.87-1.15),0.07116,0.9951
