CHR,SNP,BP,A1,F_A,F_U,A2,OR,SE,P
6,rs9268839,32428772,A,42.4%,56.0%,G,0.58(0.53-0.64),0.05057,3.953e-27
6,rs9275376,32668633,T,25.0%,15.7%,G,1.79(1.58-2.03),0.06364,2.648e-20
6,rs9275375,32668632,A,33.1%,24.9%,G,1.49(1.34-1.66),0.05564,6.885e-13
6,rs7752903,138227364,G,6.4%,4.3%,T,1.51(1.21-1.89),0.1136,0.0002332
6,rs4947332,31834197,T,2.2%,1.1%,C,2.11(1.4-3.18),0.2096,0.0002789
1,rs1414273,117102649,C,40.5%,44.7%,T,0.84(0.76-0.93),0.05071,0.0008265
15,rs2620381,42491848,C,7.9%,10.1%,A,0.77(0.65-0.91),0.08816,0.002551
14,rs75330474,101522589,T,3.8%,5.0%,C,0.74(0.58-0.94),0.1233,0.0136
18,rs370878033,13611175,G,1.7%,2.6%,A,0.65(0.46-0.92),0.1775,0.01435
7,rs3823658,102106201,A,13.4%,11.5%,G,1.2(1.03-1.39),0.07607,0.01825
1,rs74085143,54519800,A,4.0%,5.3%,G,0.76(0.6-0.96),0.1199,0.0219
6,rs7740161,134423175,T,14.3%,16.3%,A,0.86(0.75-0.98),0.06972,0.0253
3,rs4687672,52880543,A,33.7%,31.1%,G,1.12(1.01-1.25),0.05357,0.02914
22,rs5997893,31556103,A,46.9%,49.5%,G,0.9(0.82-1),0.05015,0.03972
19,rs2967897,13031210,T,16.8%,15.0%,C,1.15(1-1.31),0.06862,0.04189
15,rs76468441,86368922,T,3.2%,2.4%,C,1.36(1-1.83),0.153,0.0453
1,rs12402181,67094171,A,36.0%,33.7%,G,1.11(1-1.23),0.05261,0.05115
19,rs4112253,54786022,C,2.4%,3.2%,G,0.75(0.55-1.01),0.1525,0.0536
14,rs28477407,55344901,T,40.1%,42.4%,C,0.91(0.82-1),0.0509,0.06223
11,rs11237828,79133220,C,35.4%,33.3%,T,1.1(0.99-1.22),0.05277,0.07109
11,rs7350542,10529822,G,19.9%,18.2%,A,1.12(0.99-1.27),0.06387,0.07552
19,rs72996752,8454236,G,27.7%,25.8%,A,1.1(0.99-1.23),0.05664,0.08143
3,rs6771809,128990998,C,13.4%,12.0%,T,1.14(0.98-1.32),0.0754,0.08249
3,rs6787734,20179097,C,34.5%,36.6%,T,0.91(0.83-1.01),0.05235,0.08799
16,rs35613341,88535407,C,44.4%,42.3%,G,1.09(0.99-1.2),0.05057,0.09228
10,rs45596840,106028154,A,16.7%,18.3%,G,0.9(0.79-1.02),0.06603,0.09614
7,rs117344178,158325411,T,2.4%,3.1%,C,0.78(0.57-1.05),0.1539,0.1004
19,rs10406069,35836530,A,20.1%,21.7%,G,0.9(0.8-1.02),0.06164,0.1007
16,rs56292801,88535341,G,44.4%,42.4%,A,1.08(0.98-1.2),0.05056,0.1139
15,rs2060455,66011630,A,28.2%,26.5%,G,1.09(0.98-1.22),0.05624,0.1205
17,rs58390814,40860141,T,4.3%,3.5%,C,1.22(0.95-1.57),0.1297,0.1233
6,rs4285314,32717702,G,14.6%,16.0%,A,0.9(0.78-1.03),0.06961,0.1236
8,rs12549434,103137663,C,1.7%,2.2%,T,0.76(0.53-1.08),0.1814,0.1246
11,rs12803915,65211979,A,14.2%,15.6%,G,0.9(0.78-1.03),0.07035,0.1301
12,rs3751304,133158632,C,19.2%,20.7%,T,0.91(0.81-1.03),0.06272,0.1343
5,rs77966622,118490402,A,2.8%,2.2%,G,1.27(0.93-1.75),0.1614,0.1355
2,rs6717413,208031167,G,12.7%,11.5%,A,1.12(0.96-1.3),0.07703,0.1389
3,rs75715827,189547735,C,1.9%,2.4%,T,0.77(0.55-1.09),0.1733,0.1395
3,rs78790512,124093220,A,1.6%,2.2%,G,0.76(0.53-1.1),0.185,0.1413
11,rs174561,61582708,C,41.0%,39.2%,T,1.08(0.98-1.19),0.05113,0.1427
12,rs10878362,66417493,A,8.5%,7.5%,C,1.15(0.96-1.37),0.09271,0.1427
2,rs74322818,238419590,T,2.3%,2.8%,C,0.79(0.58-1.08),0.1595,0.1447
1,rs1953090,206648147,G,18.4%,17.0%,T,1.1(0.97-1.25),0.06566,0.1451
19,rs57111412,54191743,G,30.4%,28.8%,A,1.08(0.97-1.2),0.05489,0.1537
4,rs28664200,102251501,C,49.6%,47.9%,T,1.07(0.97-1.19),0.05013,0.1555
14,rs2273626,23426182,C,23.6%,22.1%,A,1.09(0.97-1.22),0.05965,0.1557
19,rs1003723,11224181,T,14.6%,15.9%,C,0.91(0.79-1.04),0.06966,0.1611
13,rs1572687,55748673,T,28.7%,30.2%,C,0.93(0.83-1.03),0.05495,0.179
13,rs67976778,40238175,T,43.1%,44.8%,C,0.94(0.85-1.03),0.05048,0.1833
3,rs2292181,44903434,C,3.5%,4.1%,G,0.84(0.65-1.09),0.132,0.1874
6,rs67182313,44403438,A,24.9%,23.5%,G,1.08(0.96-1.21),0.0585,0.1891
11,rs174583,61609750,T,41.7%,40.1%,C,1.07(0.97-1.18),0.05096,0.2036
1,rs877722,234442257,T,19.9%,18.7%,A,1.08(0.96-1.23),0.06348,0.2095
1,rs73108496,237634431,G,10.2%,11.2%,A,0.9(0.77-1.06),0.08104,0.2125
14,rs145135208,101512836,G,8.3%,9.2%,A,0.9(0.75-1.07),0.08863,0.2194
9,rs3780662,130631702,T,8.4%,9.3%,C,0.9(0.75-1.07),0.08835,0.2203
14,rs12894467,101507727,C,24.5%,23.2%,T,1.07(0.96-1.21),0.05881,0.2268
6,rs17881225,31323065,C,28.5%,27.2%,G,1.07(0.96-1.19),0.05593,0.2406
11,rs515924,74110353,G,34.1%,35.5%,A,0.94(0.85-1.04),0.05259,0.2495
10,rs641071,106028157,T,26.7%,28.0%,G,0.94(0.84-1.05),0.05622,0.252
5,rs367805,131701279,T,41.6%,40.2%,C,1.06(0.96-1.17),0.05096,0.2525
1,rs2275874,12639018,T,35.4%,36.8%,C,0.94(0.85-1.04),0.05216,0.2566
17,rs8078913,6558768,C,32.9%,34.2%,T,0.94(0.85-1.05),0.05308,0.264
16,rs58353328,76902842,G,10.4%,9.5%,A,1.1(0.93-1.29),0.0838,0.2651
21,rs451887,44371114,T,12.9%,13.8%,C,0.92(0.8-1.07),0.07371,0.282
5,rs11745587,131796922,A,25.4%,26.6%,G,0.94(0.84-1.05),0.05712,0.2902
5,rs702742,154209024,G,8.6%,9.4%,A,0.91(0.77-1.08),0.08749,0.2966
19,rs8667,50436371,A,45.6%,44.4%,G,1.05(0.95-1.16),0.05036,0.3056
7,rs62442513,2297212,T,8.1%,7.4%,C,1.1(0.92-1.32),0.09363,0.3081
12,rs11176006,66417482,A,9.9%,9.2%,G,1.09(0.92-1.29),0.0853,0.3097
7,rs361399,142157358,A,18.6%,17.6%,G,1.07(0.94-1.21),0.06507,0.3101
7,rs361398,142157371,A,18.6%,17.6%,G,1.07(0.94-1.21),0.06507,0.3101
7,rs361397,142157389,A,18.6%,17.6%,G,1.07(0.94-1.21),0.06507,0.3101
2,rs10175383,134884697,C,25.1%,24.0%,G,1.06(0.94-1.19),0.05822,0.3261
12,rs1683709,128778703,G,48.5%,47.3%,A,1.05(0.95-1.16),0.05015,0.3265
17,rs7208391,74094105,G,46.7%,45.5%,C,1.05(0.95-1.16),0.05026,0.3381
19,rs975947,58898193,T,37.5%,36.3%,C,1.05(0.95-1.16),0.05192,0.3491
10,rs7070684,12172775,A,38.2%,37.1%,G,1.05(0.95-1.16),0.05172,0.3562
7,rs11983381,100802786,G,8.8%,9.5%,A,0.92(0.78-1.1),0.08686,0.3631
12,rs1290910,94965058,C,48.9%,50.0%,G,0.96(0.87-1.05),0.05011,0.3712
16,rs16958290,82722537,C,31.5%,32.5%,G,0.95(0.86-1.06),0.05372,0.3716
2,rs62182086,219206645,G,4.0%,4.5%,A,0.9(0.7-1.14),0.1245,0.3742
12,rs61938575,104985443,A,21.8%,22.7%,G,0.95(0.84-1.07),0.06025,0.3822
12,rs2289030,95228286,C,21.5%,22.4%,G,0.95(0.84-1.07),0.06056,0.3826
12,rs832733,47581629,T,20.2%,21.1%,C,0.95(0.84-1.07),0.06188,0.3837
4,rs34115976,115577997,G,5.8%,6.3%,C,0.91(0.74-1.12),0.105,0.3932
5,rs3734050,150901699,T,3.3%,3.7%,C,0.9(0.68-1.17),0.1368,0.417
19,rs1688017,35613623,A,23.8%,23.0%,G,1.05(0.93-1.18),0.05918,0.4183
12,rs2682818,81329536,A,27.2%,26.3%,C,1.05(0.94-1.17),0.05661,0.4191
20,rs744591,61870167,C,48.6%,47.6%,A,1.04(0.94-1.15),0.05014,0.4221
6,rs2276448,31323020,C,28.7%,27.8%,T,1.04(0.94-1.17),0.05564,0.4241
11,rs11032942,34963459,C,7.7%,8.3%,T,0.93(0.78-1.11),0.09228,0.4241
2,rs2241347,207647981,C,22.7%,23.5%,T,0.95(0.85-1.07),0.05942,0.4313
2,rs2292879,238419611,G,31.6%,32.5%,A,0.96(0.86-1.06),0.05368,0.4314
14,rs61992671,101531854,G,2.8%,3.2%,A,0.89(0.67-1.19),0.1471,0.4353
2,rs58450758,47604866,T,17.4%,18.1%,C,0.95(0.84-1.08),0.06555,0.4394
3,rs78831152,175087408,T,10.4%,9.8%,C,1.07(0.91-1.26),0.08329,0.4398
16,rs2925980,81567554,G,42.6%,41.6%,A,1.04(0.94-1.15),0.05074,0.4428
1,rs79639536,167967958,G,4.2%,4.6%,A,0.91(0.72-1.16),0.1227,0.4486
10,rs7911488,105154089,G,33.8%,32.9%,A,1.04(0.94-1.16),0.05315,0.4567
1,rs619608,1231507,A,16.7%,17.4%,G,0.95(0.84-1.08),0.06656,0.4595
10,rs2368393,29833998,G,32.6%,31.8%,A,1.04(0.94-1.15),0.05361,0.4759
10,rs2368392,29834003,A,32.6%,31.8%,G,1.04(0.94-1.15),0.05361,0.4759
2,rs79402775,176032376,A,13.7%,14.3%,G,0.95(0.82-1.09),0.07221,0.4801
5,rs266435,72174432,C,16.2%,15.6%,G,1.05(0.92-1.2),0.06854,0.4842
7,rs6464546,143079806,A,14.8%,14.2%,G,1.05(0.91-1.21),0.07115,0.4956
1,rs76756293,201688732,T,9.8%,10.2%,C,0.95(0.8-1.12),0.08348,0.5203
1,rs17111728,55691384,C,9.8%,10.3%,T,0.95(0.81-1.12),0.08325,0.5205
3,rs142342924,20179130,A,23.3%,22.7%,G,1.04(0.92-1.17),0.05954,0.5207
5,rs62376934,168690612,A,10.1%,10.6%,G,0.95(0.81-1.12),0.08223,0.5215
14,rs58834075,101533093,T,2.5%,2.3%,C,1.11(0.8-1.53),0.1639,0.5284
8,rs66683138,27559214,A,40.2%,39.5%,G,1.03(0.93-1.14),0.05117,0.5311
4,rs73239138,67142620,A,39.2%,39.9%,G,0.97(0.88-1.07),0.05124,0.5326
2,rs77373668,86420201,C,7.5%,7.9%,G,0.94(0.79-1.13),0.09379,0.5367
5,rs936581,153975576,A,1.7%,1.5%,G,1.13(0.76-1.68),0.2011,0.5377
19,rs56061231,15290125,G,45.9%,45.1%,A,1.03(0.93-1.14),0.05031,0.5387
3,rs9842591,151283691,A,50.0%,49.2%,C,1.03(0.93-1.14),0.05011,0.544
3,rs10934682,124451312,G,16.7%,17.2%,T,0.96(0.84-1.09),0.06676,0.5445
14,rs2296319,65511429,A,13.0%,13.5%,G,0.96(0.83-1.11),0.0738,0.5506
10,rs12416605,29891260,T,3.3%,3.0%,C,1.09(0.82-1.45),0.1439,0.5507
6,rs77651740,79249018,T,36.0%,35.3%,G,1.03(0.93-1.14),0.05231,0.5518
1,rs701213,233759918,C,32.0%,32.7%,T,0.97(0.87-1.08),0.05356,0.5838
9,rs56195815,135821099,T,10.7%,10.3%,C,1.04(0.89-1.23),0.08165,0.5868
19,rs7247767,18392913,G,40.1%,40.8%,A,0.97(0.88-1.08),0.05105,0.5949
2,rs56148568,141344200,C,20.8%,20.3%,T,1.03(0.91-1.17),0.06197,0.6009
8,rs56863230,129162366,C,6.9%,6.6%,G,1.05(0.87-1.28),0.1001,0.6036
19,rs75598818,54185492,A,10.4%,10.8%,G,0.96(0.82-1.12),0.08142,0.6046
8,rs78360334,131020636,C,8.6%,8.3%,T,1.05(0.88-1.25),0.09,0.6073
7,rs60871950,102111936,A,23.7%,23.1%,G,1.03(0.92-1.16),0.05917,0.6076
19,rs7247237,18392894,T,40.1%,40.7%,C,0.97(0.88-1.08),0.05105,0.6129
8,rs10505168,113655752,C,46.1%,46.7%,T,0.98(0.88-1.08),0.05024,0.6145
17,rs12451747,12820632,A,47.3%,46.7%,C,1.02(0.93-1.13),0.0502,0.6223
1,rs45530340,20960230,T,14.2%,14.7%,C,0.97(0.84-1.11),0.07122,0.6228
8,rs75404472,1749333,T,8.2%,7.9%,C,1.05(0.87-1.25),0.09196,0.6249
11,rs2155248,93466866,G,6.0%,6.3%,T,0.95(0.77-1.17),0.1045,0.6268
11,rs2986407,34963416,T,18.6%,19.1%,C,0.97(0.86-1.1),0.06406,0.6269
17,rs111756476,78072676,T,11.5%,11.9%,A,0.96(0.83-1.12),0.07793,0.6312
8,rs404337,94041998,G,46.2%,46.8%,A,0.98(0.88-1.08),0.05023,0.6316
8,rs6997249,130496365,A,11.0%,11.4%,G,0.96(0.82-1.12),0.07943,0.6323
2,rs10192411,6790537,G,7.5%,7.8%,A,0.96(0.79-1.15),0.0944,0.633
1,rs75036690,12089225,A,3.1%,3.4%,G,0.93(0.71-1.23),0.1414,0.6332
8,rs28655823,143257760,C,16.6%,17.0%,G,0.97(0.85-1.1),0.06705,0.6375
2,rs6726779,52929680,C,26.6%,27.2%,T,0.97(0.87-1.09),0.0565,0.6407
10,rs72810954,90823139,A,1.9%,2.1%,G,0.92(0.65-1.31),0.1801,0.6484
16,rs74469188,81644970,C,7.1%,6.8%,T,1.05(0.86-1.27),0.09834,0.6501
2,rs6430498,134884700,A,35.5%,36.0%,G,0.98(0.88-1.08),0.05226,0.6509
8,rs487571,103137693,T,45.1%,44.5%,C,1.02(0.93-1.13),0.05038,0.6535
6,rs12197631,18572056,G,4.7%,5.0%,T,0.95(0.76-1.19),0.1167,0.6568
11,rs12801172,64646034,C,46.3%,46.8%,G,0.98(0.89-1.08),0.05022,0.6668
15,rs7162033,37265037,G,18.5%,18.1%,C,1.03(0.91-1.17),0.06479,0.671
15,rs7183051,37265039,A,18.5%,18.1%,G,1.03(0.91-1.17),0.06479,0.671
5,rs2042253,143059433,C,41.9%,41.4%,T,1.02(0.92-1.13),0.05082,0.6746
9,rs35196866,137271318,C,24.2%,23.8%,A,1.02(0.91-1.15),0.05867,0.6803
1,rs701214,233759939,T,10.6%,10.9%,C,0.97(0.83-1.14),0.08073,0.6916
16,rs57629257,70064261,T,41.5%,42.0%,C,0.98(0.89-1.08),0.0508,0.7117
22,rs4822739,26951185,G,22.5%,22.9%,C,0.98(0.87-1.1),0.05982,0.7141
4,rs12512664,7461769,G,3.4%,3.3%,A,1.05(0.8-1.38),0.1395,0.7173
6,rs7769202,6169656,C,21.9%,22.3%,T,0.98(0.87-1.1),0.06036,0.7185
4,rs1077020,1988193,C,26.6%,27.0%,T,0.98(0.88-1.09),0.05658,0.7246
17,rs6505162,28444183,A,18.1%,18.4%,C,0.98(0.86-1.11),0.06482,0.7246
22,rs4078443,50356555,T,22.9%,22.5%,C,1.02(0.91-1.15),0.05982,0.7253
5,rs62376935,168690635,T,28.7%,28.3%,C,1.02(0.91-1.14),0.05552,0.7258
9,rs58605477,126247833,G,12.6%,12.9%,A,0.98(0.84-1.13),0.07506,0.7385
4,rs77639117,110409933,T,4.5%,4.7%,A,0.96(0.76-1.22),0.1192,0.743
11,rs67042258,56511354,A,15.4%,15.7%,G,0.98(0.85-1.12),0.06919,0.7456
17,rs745666,72744798,C,35.0%,35.4%,G,0.98(0.89-1.09),0.05245,0.7526
20,rs6513497,58883605,G,10.5%,10.8%,T,0.97(0.83-1.14),0.08125,0.7531
12,rs3817551,121882098,G,42.2%,41.8%,T,1.02(0.92-1.12),0.05075,0.7549
16,rs12708966,56938244,A,2.6%,2.4%,G,1.05(0.76-1.44),0.1607,0.7692
17,rs73410309,77681036,C,7.5%,7.7%,G,0.97(0.81-1.17),0.09457,0.773
10,rs12780876,14425204,A,17.8%,18.0%,T,0.98(0.86-1.12),0.06535,0.777
19,rs10423365,47212593,G,29.3%,29.6%,A,0.99(0.88-1.1),0.05495,0.7854
2,rs243080,60614572,G,33.4%,33.7%,A,0.99(0.89-1.09),0.05306,0.7885
5,rs10061133,54466544,G,25.8%,25.5%,A,1.01(0.91-1.14),0.05739,0.7926
2,rs2292832,241395503,C,27.4%,27.1%,T,1.01(0.91-1.13),0.05628,0.7937
19,rs895819,13947292,C,26.0%,26.3%,T,0.99(0.88-1.1),0.05703,0.7951
8,rs2114358,129021179,G,24.9%,24.7%,A,1.01(0.91-1.14),0.058,0.8031
5,rs12523324,1708983,G,41.6%,41.9%,A,0.99(0.89-1.09),0.05079,0.8081
12,rs11614913,54385599,C,46.2%,45.9%,T,1.01(0.92-1.12),0.05026,0.8186
7,rs4909237,158325503,T,23.5%,23.7%,C,0.99(0.88-1.11),0.05901,0.8195
5,rs3112399,71465361,A,12.9%,12.7%,T,1.02(0.88-1.18),0.07495,0.8198
10,rs11014002,24564653,T,20.9%,20.7%,C,1.01(0.9-1.14),0.06172,0.8346
16,rs7500280,76902847,T,38.9%,38.6%,C,1.01(0.91-1.12),0.05143,0.8354
2,rs71428439,241395500,G,17.0%,17.2%,A,0.99(0.87-1.12),0.06661,0.8362
15,rs1439619,93447631,G,28.9%,28.7%,T,1.01(0.91-1.13),0.05533,0.8366
1,rs72646786,17604437,T,15.7%,15.6%,C,1.01(0.89-1.16),0.06894,0.8484
11,rs116971067,64646072,C,4.0%,3.9%,G,1.02(0.8-1.32),0.1288,0.8532
16,rs7499278,76902850,G,38.7%,38.5%,A,1.01(0.91-1.12),0.05145,0.8542
1,rs2070960,228284991,T,19.1%,18.9%,C,1.01(0.89-1.15),0.06384,0.8548
11,rs670637,126858392,G,1.9%,1.9%,A,1.03(0.72-1.48),0.1836,0.8562
11,rs634171,126858406,T,1.9%,1.9%,A,1.03(0.72-1.48),0.1836,0.8562
15,rs4414449,86368898,G,34.7%,34.9%,A,0.99(0.89-1.1),0.05259,0.8583
15,rs4577031,86368959,A,34.7%,34.9%,T,0.99(0.89-1.1),0.05259,0.8583
17,rs7210937,12820646,C,43.3%,43.1%,G,1.01(0.91-1.11),0.05058,0.8657
19,rs10412196,52725338,C,8.1%,8.0%,T,1.02(0.85-1.22),0.09201,0.8668
22,rs60308683,46156446,A,4.4%,4.3%,G,1.02(0.8-1.3),0.1225,0.8718
17,rs7207008,41522213,A,28.7%,28.6%,T,1.01(0.9-1.12),0.0554,0.8784
17,rs620301,37453674,G,46.9%,46.7%,A,1.01(0.91-1.11),0.05021,0.8857
6,rs68035463,120336327,A,14.4%,14.6%,C,0.99(0.86-1.14),0.07116,0.8917
6,rs67106263,120336384,A,14.4%,14.6%,G,0.99(0.86-1.14),0.07116,0.8917
10,rs2043556,53059406,C,26.5%,26.3%,T,1.01(0.9-1.13),0.05683,0.8928
5,rs257095,9053945,C,3.6%,3.6%,T,0.98(0.76-1.28),0.1343,0.8959
10,rs4919510,102734778,C,42.8%,42.7%,G,1.01(0.91-1.11),0.05064,0.9012
16,rs77250474,87887560,A,2.7%,2.7%,G,1.02(0.75-1.38),0.1551,0.9043
12,rs12314280,94955585,C,10.6%,10.7%,T,0.99(0.84-1.16),0.08131,0.9115
16,rs897984,30886643,T,7.1%,7.0%,C,1.01(0.83-1.22),0.0978,0.9148
5,rs7709117,174178774,G,48.6%,48.7%,A,0.99(0.9-1.1),0.05012,0.9149
20,rs6513496,58883534,C,12.0%,12.0%,T,1.01(0.87-1.17),0.07709,0.9227
15,rs2168518,75081078,A,15.5%,15.4%,G,1.01(0.88-1.15),0.06931,0.9267
3,rs1514422,96078864,A,27.5%,27.4%,G,1(0.9-1.12),0.05611,0.9294
3,rs35452137,48587408,C,4.7%,4.7%,A,1.01(0.8-1.27),0.1187,0.9302
10,rs7896283,12695177,G,44.0%,43.9%,A,1(0.91-1.11),0.05047,0.9346
1,rs521188,65523519,G,30.8%,30.9%,A,1(0.9-1.11),0.05426,0.9429
19,rs10422347,804959,T,3.6%,3.6%,C,1.01(0.78-1.31),0.1346,0.9431
18,rs12456845,46576058,C,26.9%,26.9%,T,1(0.89-1.11),0.0565,0.9432
12,rs17022749,94955603,T,13.9%,13.8%,C,1(0.87-1.16),0.07259,0.9555
16,rs74656628,820215,A,4.0%,4.0%,T,1.01(0.78-1.29),0.1278,0.9572
20,rs3746444,33578251,G,14.3%,14.2%,A,1(0.87-1.16),0.07164,0.9629
11,rs550894,65211940,A,25.0%,24.9%,C,1(0.9-1.12),0.05789,0.9649
2,rs56239160,60614577,A,34.1%,34.1%,G,1(0.9-1.11),0.05285,0.9703
19,rs3745198,40875800,G,47.1%,47.2%,C,1(0.9-1.1),0.05018,0.9706
6,rs9295535,10439968,C,30.9%,30.8%,T,1(0.9-1.11),0.05424,0.9709
17,rs9913045,13446924,A,24.4%,24.5%,G,1(0.89-1.12),0.05829,0.9721
14,rs2296320,65511418,A,4.8%,4.8%,G,1(0.79-1.25),0.1175,0.973
17,rs66507245,15154966,A,48.8%,48.8%,T,1(0.9-1.1),0.05012,0.9732
3,rs9877402,120768492,G,4.7%,4.7%,A,1(0.79-1.26),0.1187,0.9752
12,rs75258105,94955607,T,10.5%,10.5%,G,1(0.85-1.17),0.08163,0.9777
9,rs13299349,18573360,A,10.8%,10.8%,G,1(0.85-1.17),0.08063,0.995
7,rs7804972,64139463,A,14.5%,14.5%,G,1(0.87-1.15),0.07116,0.9951
